{
    "accuracy": 0.942524803284297,
    "precision": 0.9269774197808002,
    "recall": 0.9607225947721363,
    "f1": 0.9435483870967742
}