{
    "accuracy": 0.9329456038316798,
    "precision": 0.9098328799067237,
    "recall": 0.9611331599835774,
    "f1": 0.9347797151603887
}