{
    "Logistic Regression": {
        "train": {
            "acccuracy": 0.8796942335317053,
            "precision": 0.8664466083512131,
            "recall": 0.8977700253095287,
            "f1": 0.8818302454101087,
            "fbeta": 0.891325459941459
        },
        "test": {
            "acccuracy": 0.8950068399452804,
            "precision": 0.8715738000257367,
            "recall": 0.9265389876880985,
            "f1": 0.8982162986539354,
            "fbeta": 0.9149982437653671
        }
    },
    "SVC": {
        "train": {
            "acccuracy": 0.9159484232847664,
            "precision": 0.877533914879086,
            "recall": 0.9668239961693686,
            "f1": 0.9200175749784381,
            "fbeta": 0.9475413133107633
        },
        "test": {
            "acccuracy": 0.9057455540355677,
            "precision": 0.8706573356660835,
            "recall": 0.953077975376197,
            "f1": 0.9100052246603971,
            "fbeta": 0.9353686697814295
        }
    },
    "K-Neighbors Classifier": {
        "train": {
            "acccuracy": 0.9422840139544428,
            "precision": 0.8966839473603485,
            "recall": 0.9997605855393665,
            "f1": 0.945421026246422,
            "fbeta": 0.9772920274688902
        },
        "test": {
            "acccuracy": 0.8512311901504788,
            "precision": 0.8534067446662078,
            "recall": 0.8481532147742818,
            "f1": 0.8507718696397941,
            "fbeta": 0.849198739898644
        }
    },
    "Decision Tree Classifier": {
        "train": {
            "acccuracy": 1.0,
            "precision": 1.0,
            "recall": 1.0,
            "f1": 1.0,
            "fbeta": 1.0
        },
        "test": {
            "acccuracy": 0.879001367989056,
            "precision": 0.9176843057440073,
            "recall": 0.8326949384404925,
            "f1": 0.8731262999354514,
            "fbeta": 0.8484096674379059
        }
    },
    "Random Forest Classifier": {
        "train": {
            "acccuracy": 1.0,
            "precision": 1.0,
            "recall": 1.0,
            "f1": 1.0,
            "fbeta": 1.0
        },
        "test": {
            "acccuracy": 0.9379616963064296,
            "precision": 0.9473242978901775,
            "recall": 0.9274965800273598,
            "f1": 0.9373055920370499,
            "fbeta": 0.9313954446795065
        }
    },
    "Ada Boost Classifier": {
        "train": {
            "acccuracy": 0.9174875162459812,
            "precision": 0.915427287887554,
            "recall": 0.9199671660168274,
            "f1": 0.9176916122208765,
            "fbeta": 0.9190555916219633
        },
        "test": {
            "acccuracy": 0.930437756497948,
            "precision": 0.9204864359214219,
            "recall": 0.9422708618331054,
            "f1": 0.9312512674913811,
            "fbeta": 0.9378318764806797
        }
    },
    "XGBClassifier": {
        "train": {
            "acccuracy": 0.974656269238662,
            "precision": 0.9783867631851085,
            "recall": 0.9707572337369177,
            "f1": 0.9745570663370416,
            "fbeta": 0.972273605458955
        },
        "test": {
            "acccuracy": 0.9515047879616964,
            "precision": 0.9551785960557164,
            "recall": 0.947469220246238,
            "f1": 0.9513082892658471,
            "fbeta": 0.9490011235647146
        }
    },
    "Gradient Boosting Classifier": {
        "train": {
            "acccuracy": 0.9341439222929064,
            "precision": 0.912568661227939,
            "recall": 0.9602914016006566,
            "f1": 0.9358220148320974,
            "fbeta": 0.9503516812326106
        },
        "test": {
            "acccuracy": 0.9378932968536252,
            "precision": 0.9130322580645162,
            "recall": 0.9679890560875513,
            "f1": 0.9397078353253652,
            "fbeta": 0.9564747228980806
        }
    },
    "Bagging Classifier": {
        "train": {
            "acccuracy": 0.9977255626239825,
            "precision": 0.9981515078903228,
            "recall": 0.9972980368014228,
            "f1": 0.9977245898273768,
            "fbeta": 0.9974686142373346
        },
        "test": {
            "acccuracy": 0.9123119015047879,
            "precision": 0.9378268448576409,
            "recall": 0.8831737346101232,
            "f1": 0.9096801465407919,
            "fbeta": 0.8935887498615879
        }
    },
    "GaussianNB": {
        "train": {
            "acccuracy": 0.7653396265134415,
            "precision": 0.7844884488448844,
            "recall": 0.7316847937615432,
            "f1": 0.7571671267785093,
            "fbeta": 0.7416690934808836
        },
        "test": {
            "acccuracy": 0.7857045143638851,
            "precision": 0.7978040781405961,
            "recall": 0.7653898768809849,
            "f1": 0.7812609090274384,
            "fbeta": 0.7716602763909194
        }
    }
}